"Name,Gender,Age,Password,Email,Phone"
"John Doe,Male,25,Pass1234,johndoe@example.com,123-456-7890"
"Jane Smith,Female,30,Secret5678,janesmith@example.com,234-567-8901"
"Alex Johnson,Non-binary,22,MyPwd9012,alexjohnson@example.com,345-678-9012"
"Emily Davis,Female,27,SafeKey3456,emilydavis@example.com,456-789-0123"
"Michael Brown,Male,35,Secure7890,michaelbrown@example.com,567-890-1234"
"Sarah Wilson,Female,29,Key12345,sarahwilson@example.com,678-901-2345"
"David Miller,Male,33,Code6789,davidmiller@example.com,789-012-3456"
"Jessica Taylor,Female,26,Lock9876,jessicataylor@example.com,890-123-4567"
"Daniel Anderson,Male,31,P@ssword1,danielanderson@example.com,901-234-5678"
"Sophia Martinez,Female,24,Protect4567,sophiamartinez@example.com,012-345-6789"
"Joshua Thomas,Male,28,Guard0987,joshuathomas@example.com,123-456-7891"
"Olivia Garcia,Female,23,Shield2345,oliviagarcia@example.com,234-567-8902"
"Ethan Lee,Male,32,Defend8765,ethanlee@example.com,345-678-9013"
"Mia Hernandez,Female,21,Safe9876,miahernandez@example.com,456-789-0124"
"James Clark,Male,36,Strong2345,jamesclark@example.com,567-890-1235"
"Abigail Lewis,Female,25,Secure3456,abigaillwis@example.com,678-901-2346"
"Christopher Walker,Male,34,Guard5678,christopherwalker@example.com,789-012-3457"
"Madison Hall,Female,22,Lock6789,madisonhall@example.com,890-123-4568"
"Benjamin Young,Male,27,Pass7890,benjaminyoung@example.com,901-234-5679"
"Isabella King,Female,28,Secret8901,isabellaking@example.com,012-345-6790"
"Alexander Wright,Male,30,MyPwd1234,alexanderwright@example.com,123-456-7892"
"Charlotte Scott,Female,29,SafeKey2345,charlottescott@example.com,234-567-8903"
"Henry Green,Male,33,Protect3456,henrygreen@example.com,345-678-9014"
"Amelia Adams,Female,31,Secure4567,ameliaadams@example.com,456-789-0125"
"Lucas Baker,Male,24,Guard5678,lucasbaker@example.com,567-890-1236"
"Evelyn Gonzalez,Female,23,Lock6789,evelyngonzalez@example.com,678-901-2347"
"Mason Carter,Male,35,Pass7890,masoncarter@example.com,789-012-3458"
"Lily Mitchell,Female,26,Secret8901,lilymitchell@example.com,890-123-4569"
"Sebastian Perez,Male,28,MyPwd1234,sebastianperez@example.com,901-234-5680"
"Avery Roberts,Non-binary,21,SafeKey2345,averyroberts@example.com,012-345-6791"
"Victoria Turner,Female,32,Protect3456,victoriaturner@example.com,123-456-7893"
"Jack Phillips,Male,29,Secure4567,jackphillips@example.com,234-567-8904"
"Grace Campbell,Female,27,Guard5678,gracecampbell@example.com,345-678-9015"
"Samuel Parker,Male,31,Lock6789,samuelparker@example.com,456-789-0126"
"Sofia Evans,Female,30,Pass7890,sofiaevans@example.com,567-890-1237"
"Daniel Collins,Male,26,Secret8901,danielcollins@example.com,678-901-2348"
"Harper Stewart,Female,24,MyPwd1234,harperstewart@example.com,789-012-3459"
"Liam Rivera,Male,28,SafeKey2345,liamrivera@example.com,890-123-4560"
"Zoe Morris,Female,22,Protect3456,zoemorris@example.com,901-234-5681"
"Aiden Morgan,Male,27,Secure4567,aidenmorgan@example.com,012-345-6792"
"Riley Bell,Female,23,Guard5678,rileybell@example.com,123-456-7894"
"Elijah Murphy,Male,33,Lock6789,elijahmurphy@example.com,234-567-8905"
"Chloe Cooper,Female,29,Pass7890,chloecooper@example.com,345-678-9016"
"Jacob Reed,Male,32,Secret8901,jacobreed@example.com,456-789-0127"
"Ella Richardson,Female,21,MyPwd1234,ellarichardson@example.com,567-890-1238"
"Lucas Bailey,Male,35,SafeKey2345,lucasbailey@example.com,678-901-2349"
"Maya Foster,Female,26,Protect4567,mayafoster@example.com,789-012-3460"
